fold,iso,a,b,c,lat,lng,training_count
0,BY,0,6,6,54.391262179659506,26.123713055382108,30
0,BY,0,6,12,54.981664845339616,26.830447329643043,10
0,BY,0,6,14,54.07658463161565,26.92703312913607,3
0,BY,0,6,17,53.910329087024735,25.87262827597327,4
0,BY,0,7,1,54.344614833577005,28.24421837001722,25
0,BY,0,7,14,53.99621745677638,27.843314786581974,13
0,BY,0,8,17,53.74088219154176,25.49067307904847,2
0,BY,0,11,2,53.478492462516684,27.16374608258244,9
0,BY,0,11,14,53.670086692825585,27.58223982502891,10
0,BY,0,11,17,53.544716107097116,26.138758163338714,9
0,BY,1,0,3,55.37929403926134,28.89405909256721,36
0,BY,1,0,7,55.81785213567288,28.479750700845884,67
0,BY,1,0,12,55.19225395042585,27.853709077511574,6
0,BY,1,6,12,55.13358722798529,27.189660273974003,3
0,BY,1,7,1,54.77655983979811,28.40694971477354,5
0,BY,2,2,9,52.244044046528515,31.138429937578017,34
0,BY,2,2,11,52.6451521033687,30.788154067345157,14
0,BY,2,10,11,52.72941900000001,30.322464999999998,1
0,BY,3,3,8,52.3723485037685,25.722051739974503,34
0,BY,3,3,13,52.355093024339766,24.419511247810238,24
0,BY,3,3,17,53.04833051866596,25.523249302706265,6
0,BY,3,8,5,53.506924388385606,24.161527084987128,15
0,BY,3,11,17,53.131315597556885,26.068454126293805,2
0,BY,4,2,11,52.931903715349364,30.636612570793904,2
0,BY,4,7,1,53.870872000000006,29.21401,1
0,BY,4,9,11,53.26494600000001,30.422466000000004,1
0,BY,4,9,15,53.72448325291934,30.705213102187177,56
0,BY,4,10,4,53.05240407237069,29.374964826938843,44
0,BY,4,10,11,53.04058795956384,30.43053099625878,11
0,BY,5,5,0,54.91458771525455,30.323128623208614,54
0,BY,5,5,3,55.263809056913615,29.614298639201216,20
0,BY,5,7,1,54.51767179542059,29.02235215835758,10
0,BY,6,1,8,51.98792049128483,26.42511456984133,2
0,BY,6,1,10,52.21387066023125,27.47649442366644,40
0,BY,6,3,8,52.493733,26.315250000000002,1
0,BY,6,11,2,53.1106496999001,27.280415392471298,21
0,BY,7,4,9,51.68657633068493,30.36787821128104,10
0,BY,7,4,16,51.8757888149108,29.300580527795596,54
0,BY,7,10,4,52.53815778997819,29.327185475955538,2
0,DE,8,12,23,51.475156000000005,12.10533,1
0,DE,8,12,29,50.702293224876215,12.754546833861866,13
0,DE,8,15,23,51.953577049347565,10.566090665459466,2
0,DE,8,16,24,49.85542122001516,11.093638133349968,23
0,DE,8,16,29,50.02854008399738,12.228326844290184,2
0,DE,8,21,23,51.56209786927753,11.102676614652337,11
0,DE,8,21,29,50.69898003203734,11.511132166061435,18
0,DE,8,21,30,50.82627872850107,10.15103652581403,29
0,DE,8,21,34,51.683241,10.214574,1
0,DE,9,14,28,47.85346212282851,11.143768879721828,27
0,DE,9,16,24,49.12796106627227,11.14931696204502,19
0,DE,9,17,21,48.45788388167347,12.56722330025301,43
0,DE,10,15,34,52.7969414327879,9.695757266766323,5
0,DE,10,15,35,53.26889567842971,10.150511184677919,10
0,DE,10,22,25,53.334535415921664,7.988995578401148,32
0,DE,10,22,34,52.851071,9.176553000000002,1
0,DE,10,22,35,53.32723843454857,9.266580544038089,13
0,DE,10,23,27,54.613366447817455,9.16579095302721,35
0,DE,10,23,35,53.882175738072746,9.711405588003217,29
0,DE,11,16,24,49.562775000000016,9.892691,1
0,DE,11,16,26,49.55974076583657,9.533005542267151,2
0,DE,11,18,26,49.14250915992221,8.105168068479383,4
0,DE,11,20,26,49.66778470012307,8.478194703161353,20
0,DE,11,20,30,50.47514821044971,8.985344312284788,22
0,DE,11,20,32,50.23769577970464,7.163775995866991,45
0,DE,11,21,30,50.62574932172428,9.33409340957138,3
0,DE,12,13,20,51.61062604340077,7.231986234525327,44
0,DE,12,13,25,52.504140403782316,7.141381199268893,2
0,DE,12,13,30,51.20777868869205,8.793651155089444,2
0,DE,12,13,34,51.998730536063775,8.519121747025869,10
0,DE,12,15,34,52.191539198271926,9.69889339919667,6
0,DE,12,21,30,51.425688,9.500833,1
0,DE,12,21,34,51.70489501982162,9.541591491765836,4
0,DE,12,22,25,52.82132753152983,7.887347980981052,8
0,DE,12,22,34,52.44742647275796,8.76272436508215,11
0,DE,13,12,22,51.686720503354586,13.956639267870715,70
0,DE,13,12,23,51.915166745343015,12.361522633678193,11
0,DE,13,12,29,50.95813980945792,13.101169725284775,3
0,DE,13,12,33,52.42093504262023,13.856438341415314,8
0,DE,13,19,33,52.866884727903106,13.890098667400617,20
0,DE,14,14,28,47.9782742253382,10.2056823994423,27
0,DE,14,16,24,49.26850925170468,10.137678399453883,3
0,DE,14,16,26,49.05441659399649,9.80759580440916,5
0,DE,14,18,18,48.10701561398216,8.593500383629387,38
0,DE,14,18,26,48.933448525487144,8.739897217115702,14
0,DE,14,18,28,48.468236,9.716554000000002,1
0,DE,15,15,19,52.98720346496341,11.082900698800284,32
0,DE,15,15,23,52.233463860250104,11.394159701208773,13
0,DE,15,15,34,52.396357268160905,10.204212440503401,3
0,DE,15,15,35,53.516205,10.527297,1
0,DE,15,19,19,52.98962553664135,12.170392788193322,15
0,DE,15,19,23,52.448097,12.508369000000002,1
0,DE,15,19,31,53.99208739158696,12.567182703902985,20
0,DE,15,19,33,53.192317192410734,13.382989116359406,13
0,DE,15,23,31,54.28210383440526,11.180232434087783,3
0,ES,16,25,46,42.01141638332278,2.823477812722068,44
0,ES,16,25,52,41.715951007593,1.251293756231416,23
0,ES,16,30,47,40.63912818100721,0.24936534017743353,4
0,ES,16,30,49,42.09987070704244,-0.48235082038085153,15
0,ES,16,30,52,41.02381263397161,0.5399434212848961,4
0,ES,17,27,40,43.092718509495796,-8.111966554738894,72
0,ES,17,27,44,42.51764897740837,-6.493303617516215,2
0,ES,17,28,50,41.02100726138494,-6.374461060294732,5
0,ES,17,29,44,43.139457150258956,-5.2856179339554465,39
0,ES,18,28,38,41.681194802346205,-3.278725413876675,21
0,ES,18,28,50,40.59566209066875,-5.683296589451784,7
0,ES,18,28,51,40.739507850790844,-4.078649051672052,42
0,ES,18,29,38,42.914601542914376,-2.9310841913059162,15
0,ES,18,29,44,43.2351286048665,-4.146099570718355,4
0,ES,18,30,38,42.083162401145366,-2.353728248995469,6
0,ES,18,30,49,41.75258530473185,-1.4073716751423488,19
0,ES,18,34,51,39.83549333921004,-4.028410508796256,3
0,ES,18,34,53,39.570543,-3.851466,1
0,ES,19,26,37,28.068328272533503,-14.700104343439062,28
0,ES,19,26,43,28.87990863701631,-13.704234556429991,45
0,ES,20,24,36,38.076888564668565,-6.308689951529042,21
0,ES,20,24,41,36.67570422161634,-5.75790132057547,15
0,ES,20,24,50,39.67006872146694,-7.261541592788276,2
0,ES,20,34,53,38.91366143976247,-3.7123609868286196,30
0,ES,20,35,41,36.83028206993777,-4.38157983749054,32
0,ES,20,35,45,37.32531557776915,-3.319748200892667,45
0,ES,21,33,39,39.56140852295762,3.118746627096403,93
0,ES,22,32,48,28.59360521301109,-17.366676902701098,31
0,ES,23,30,47,40.31432726699829,-0.35571681637230185,11
0,ES,23,31,42,38.341120864314824,-0.8799393668249026,79
0,ES,23,31,47,39.51455438105686,-0.43816461680024904,22
0,ES,23,31,53,39.038644,-1.907489,1
0,ES,23,34,53,39.031159637244635,-2.5453524464650505,18
0,ES,23,35,45,37.356047,-2.029078,1
0,FI,24,43,55,60.62760373842637,24.669630466096244,55
0,FI,24,43,56,60.49383600000001,26.85648,1
0,FI,24,43,63,60.72808564401604,23.15193708862454,7
0,FI,24,43,68,61.468155,25.147703000000003,1
0,FI,24,46,63,61.184494517188874,22.69702776162729,40
0,FI,24,46,68,61.69889842448315,24.46838565903083,22
0,FI,25,36,59,66.89660371926023,28.70128765724584,17
0,FI,25,36,65,66.59105079919138,28.795224257996885,3
0,FI,25,41,57,65.101683,27.709485000000004,1
0,FI,25,41,60,65.52208949538584,26.77388101518143,5
0,FI,25,41,65,65.86970993963213,28.684896781443857,54
0,FI,25,45,60,65.238803,26.453585000000004,1
0,FI,26,42,54,66.89634895497527,25.33659393470469,40
0,FI,26,42,60,66.00030316100995,24.966824997890626,36
0,FI,26,45,60,65.45800106701408,25.36317463538723,4
0,FI,27,39,66,63.862601000000005,23.253221000000003,1
0,FI,27,45,66,64.65383142947586,25.146854317034027,33
0,FI,27,45,69,64.12889954690509,25.79718492738931,4
0,FI,27,47,62,62.98083733447814,25.805895961605863,12
0,FI,27,47,69,63.5846194431778,25.99230234454639,28
0,FI,28,37,58,62.853713877143974,28.540242551666612,10
0,FI,28,37,64,62.34350175565847,29.887356774210353,16
0,FI,28,37,71,62.84249922620967,30.014589988057224,4
0,FI,28,44,56,61.33776926496342,27.98451634976129,31
0,FI,28,44,58,62.370399076978494,28.099999622312414,2
0,FI,28,44,62,62.302979000000015,27.308843,1
0,FI,28,44,64,61.8802018288412,29.402346231382882,22
0,FI,28,47,58,62.88550120809512,27.722420350803592,3
0,FI,28,47,62,62.42429496717878,26.480361334177786,14
0,FI,29,39,61,62.81047457169309,22.312225129697968,64
0,FI,29,39,68,62.46452876601676,23.768114720902577,8
0,FI,29,46,63,61.68967215847257,22.097607921082673,9
0,FI,29,46,68,62.009723209785086,23.561546085170736,14
0,FI,29,47,62,62.643563232545326,25.29230628096544,2
0,FI,30,36,59,67.4697124589328,27.776364189341873,26
0,FI,30,38,54,67.33279666830802,24.90709940240298,3
0,FI,30,38,59,67.698476,26.752308,1
0,FI,30,38,67,68.45431214115918,27.228818199173134,29
0,FI,30,38,70,67.91737685017868,24.604351814145126,46
0,FI,31,37,58,63.28651930771216,28.34335187317699,12
0,FI,31,37,71,63.22078309102878,29.993644502684738,31
0,FI,31,40,57,64.40385713191316,28.826874428450537,72
0,FI,31,40,58,63.60064800000001,28.018746999999998,1
0,FI,31,40,69,64.00758716245993,27.425749849660235,4
0,FI,31,40,71,63.79963243632934,29.41343225921273,7
0,FI,31,47,69,63.63872514261692,27.543509190910406,3
0,FR,32,49,73,43.37735836420624,3.0631216697568013,24
0,FR,32,49,79,44.496415777119196,2.707469224899582,2
0,FR,32,49,89,44.807269000000005,3.680699,1
0,FR,32,50,73,43.931008655952795,4.110445962952268,2
0,FR,32,50,80,43.80653450071319,5.999938862581035,58
0,FR,32,50,89,44.80402545217671,4.815900846576111,7
0,FR,33,51,77,48.392228333778164,-4.446513175480824,67
0,FR,33,54,82,49.33089912378696,-1.4218752375144739,29
0,FR,33,59,81,47.874547844180576,-2.0168950785179045,34
0,FR,34,52,72,49.815496021853,3.1531457922833748,35
0,FR,34,52,84,49.884938999620914,1.7740977891490586,25
0,FR,34,54,82,49.21949789138526,-0.24280071905998798,13
0,FR,34,54,84,49.377873451429316,0.7790632784690315,16
0,FR,34,57,74,48.39232799371209,2.3270109137410677,8
0,FR,35,49,79,45.35246836366274,2.658783096631778,9
0,FR,35,50,89,45.363684,6.519743999999999,1
0,FR,35,53,79,45.71937591150892,2.9597891470064592,3
0,FR,35,53,83,46.691984837944666,5.5655646433779875,28
0,FR,35,53,87,46.873685887397706,3.951138577222165,22
0,FR,35,53,89,45.78686130936906,4.580339131462881,29
0,FR,35,57,87,47.503284507055064,3.4697579646236383,12
0,FR,36,49,73,43.59284037276035,2.0995154258160027,3
0,FR,36,49,75,43.399154796688094,1.2420816824620022,9
0,FR,36,49,79,44.73164830658438,1.6872062136888628,22
0,FR,36,55,75,43.50541175129983,0.33060782265912375,20
0,FR,36,55,86,44.18020864308271,-0.9732248688489371,76
0,FR,36,55,88,44.88576881724829,-0.6907266811864823,3
0,FR,36,56,79,45.053917000000006,1.020083,1
0,FR,36,56,88,45.39714237773272,-0.6137830264161925,40
0,FR,37,58,76,42.07613345455624,9.16501249614708,51
0,FR,38,48,72,49.5929644007254,4.921750727910647,2
0,FR,38,48,83,47.416018436986356,6.602500177672874,5
0,FR,38,48,85,48.631844223748786,6.305410983058341,42
0,FR,38,48,87,48.02866901463225,4.572729341366442,7
0,FR,38,52,72,49.72798802778407,4.533943631130302,2
0,FR,38,53,83,47.139572,6.277155,1
0,FR,38,57,87,48.191396,3.449985,1
0,FR,39,49,79,45.545315000000016,1.8001040000000004,1
0,FR,39,54,74,48.10220000000001,0.166088,1
0,FR,39,56,78,46.29039273917862,-0.07638484536710959,20
0,FR,39,56,79,45.97712099999999,1.431962,1
0,FR,39,56,88,45.953444999999995,-0.554727,1
0,FR,39,57,74,47.6221966812877,1.6888844275296457,39
0,FR,39,57,78,46.94110984652681,0.5749187864738707,4
0,FR,39,57,79,46.1591768595688,2.026308887457197,6
0,FR,39,57,87,47.01042528004455,2.673657267927833,2
0,FR,39,59,78,47.135145417651636,-0.6804416075065203,13
0,FR,39,59,81,47.24191434715348,-1.3897592104846854,2
0,GB,40,60,91,50.21050980052084,-5.209320842098015,58
0,GB,40,60,103,50.47246741536449,-4.512402537127757,76
0,GB,40,69,101,50.712162,-2.485409,1
0,GB,40,69,103,50.78900900000001,-2.7398890000000002,1
0,GB,41,65,93,54.64332359429441,-6.479066787560398,42
0,GB,41,68,105,55.21252128872145,-4.878958543092171,9
0,GB,42,61,92,57.914782,-4.059769,1
0,GB,42,61,104,57.77856900965283,-4.092169148066876,3
0,GB,42,62,92,58.065262,-4.982217,1
0,GB,42,62,102,58.36483809361218,-5.989824568158809,19
0,GB,42,67,92,58.487337445502995,-4.5048153373794335,64
0,GB,42,67,100,59.57208918066857,-2.5679930524388213,16
0,GB,43,64,98,54.222054620405544,-2.220346007244866,2
0,GB,43,70,94,53.16587499999999,-2.2380809999999998,1
0,GB,43,70,98,53.73096283741338,-2.693241947817385,11
0,GB,43,71,90,52.80406386027726,-0.19414112265316374,2
0,GB,43,71,95,53.539415207025534,-0.7265957203399629,76
0,GB,44,60,99,51.81498007072906,-4.8628852444045165,12
0,GB,44,69,101,51.76683743147335,-2.7198121110359423,9
0,GB,44,70,94,52.82632836643131,-3.393328940334867,27
0,GB,44,70,99,52.09678590290454,-4.1335867179562635,3
0,GB,45,61,97,56.53173310251582,-2.7194795029562244,2
0,GB,45,64,96,55.209161412485635,-2.254352680364521,43
0,GB,45,64,97,55.72345200000001,-2.6792989999999994,1
0,GB,45,64,98,54.42578136747818,-3.3061711878753983,9
0,GB,45,64,105,55.0413308354432,-3.5695163819487936,2
0,GB,45,68,97,55.886456868677186,-3.321722804637016,32
0,GB,45,68,105,55.532338690519104,-4.377923347741491,15
0,GB,46,63,90,52.28852950958979,0.45831798410623575,37
0,GB,46,63,107,51.19165885678137,0.18788533231332766,15
0,GB,46,69,101,51.879419332012944,-1.5218925012756461,41
0,GB,46,69,107,51.0687836280685,-0.8981500631517896,10
0,GB,47,61,97,56.51367778513259,-3.4452938133255504,3
0,GB,47,61,104,57.252587646245026,-3.4056777491523698,50
0,GB,47,62,102,57.563972856468176,-6.051225307332074,40
0,GB,47,66,105,55.899762,-5.128093999999999,1
0,GB,47,66,106,56.53860441472798,-5.310266321127196,61
0,GB,47,68,97,56.381316,-3.8231000000000015,1
0,GB,47,68,105,55.918652,-4.857573000000001,1
0,GB,47,68,106,56.1457185955303,-4.451755586298822,2
0,IS,48,77,108,65.63242875086402,-20.159375908256973,23
0,IS,48,77,122,65.6791446414131,-19.378324556869174,51
0,IS,48,81,108,65.50089138518896,-20.686954158530558,17
0,IS,48,82,112,66.09147748437233,-19.120012794054976,25
0,IS,49,75,111,63.850572639263405,-22.396838262633278,54
0,IS,49,75,123,63.99425937633662,-21.65675773915628,2
0,IS,49,83,123,64.05888382580537,-21.024467186098303,32
0,IS,49,83,124,64.470019,-21.518989,1
0,IS,50,76,114,65.03344461374661,-14.116971372444992,65
0,IS,50,76,119,64.66001446462636,-14.410057300036593,20
0,IS,50,79,113,65.80106731967514,-14.959075196855688,35
0,IS,50,79,114,65.38120768476068,-14.741143382035794,7
0,IS,51,80,116,63.58580960704848,-19.582521461662157,10
0,IS,51,80,120,63.57388744098563,-18.603013847620407,69
0,IS,51,83,116,63.749774521316766,-19.997745527798603,19
0,IS,52,78,109,65.62855713126454,-23.56112807956245,62
0,IS,52,78,117,65.61762253917924,-22.345129775861967,24
0,IS,52,78,118,65.95981246518669,-22.934123398670092,36
0,IS,52,81,117,65.4951268491134,-21.933854743114974,9
0,IS,53,73,115,64.82906828709422,-23.761967067601024,23
0,IS,53,73,124,64.61371565984777,-21.725591770921458,8
0,IS,53,73,125,64.90650758326989,-22.71042268473003,34
0,IS,53,81,117,65.28246342874655,-21.75351753882316,3
0,IS,53,81,124,65.04927819777652,-21.360269074668224,17
0,IS,54,74,110,64.01435797968782,-16.483591674878078,32
0,IS,54,74,119,64.31419729034039,-15.131225058458675,7
0,IS,54,76,119,64.41675517269043,-14.635460632123095,6
0,IS,55,72,121,65.82098170155483,-17.193145532600685,48
0,IS,55,77,122,65.617848,-18.497322,1
0,IS,55,79,113,65.573783,-16.055936,1
0,IS,55,82,112,66.10664634853316,-18.236024879234336,26
0,IS,55,82,122,65.642554,-18.459332000000003,1
0,IT,56,86,134,38.00886074308521,13.065591684149872,32
0,IT,56,86,136,38.01896502002133,14.067950432702549,3
0,IT,56,88,126,36.96464612393272,14.67955859945265,48
0,IT,56,88,136,37.77373284703707,14.860580848604942,44
0,IT,56,93,130,38.283294264440435,16.338010321677586,6
0,IT,57,84,127,44.68799005008765,7.93105314519311,52
0,IT,57,84,132,45.68691393680376,8.985637901588703,15
0,IT,58,92,129,41.737153,13.432405,1
0,IT,58,95,129,41.58343474366706,13.483564892076036,4
0,IT,58,95,135,40.56361806352672,15.372515545362972,2
0,IT,58,95,137,41.223331969867836,14.645528199805012,56
0,IT,59,90,135,40.74487817261754,16.563900444538316,66
0,IT,59,90,142,40.44504887997744,17.831531303111113,44
0,IT,59,93,130,39.11596263146133,16.33464438299872,27
0,IT,59,93,135,40.080867595140894,15.641658164061347,8
0,IT,59,95,135,40.466279,15.539392000000001,1
0,IT,60,85,133,40.926256270929635,9.265143029983864,61
0,IT,60,85,139,40.464972440666074,8.76017654032682,40
0,IT,60,91,131,39.14284670224991,8.814364615879201,42
0,IT,61,84,132,45.82465964406481,9.738791027107967,2
0,IT,61,89,128,46.06756292651732,12.236012552093985,52
0,IT,61,89,132,46.41003081922856,10.379689659940796,6
0,IT,61,89,141,45.31622928525223,11.223341704105032,28
0,IT,61,94,141,44.994426224198016,10.920860896582486,2
0,IT,62,92,143,42.781806425464055,11.13464816472339,2
0,IT,62,94,138,43.74873899699894,10.714690668962023,39
0,IT,62,94,141,44.55072348437644,11.059826975940405,14
0,IT,63,87,140,43.212711855244535,13.533206995255224,43
0,IT,63,92,129,41.9676633152276,12.690914883506027,29
0,IT,63,92,143,42.68252954694164,12.052590057100998,31
0,NO,64,96,145,69.18222106411282,23.816249345446288,44
0,NO,64,96,158,70.08324200000001,22.008806,1
0,NO,64,104,145,69.78958402937164,25.172398230311998,4
0,NO,64,104,150,69.89599948786397,29.304496013647412,18
0,NO,64,104,158,70.63139646669492,24.65538396612514,42
0,NO,65,97,149,59.19410500000001,6.133937,1
0,NO,65,97,157,59.884818305559065,6.035922124985686,65
0,NO,65,99,156,58.55672499642764,8.869640929896244,4
0,NO,65,107,149,58.50101072533175,6.115689655379341,66
0,NO,65,107,156,58.20266484438339,7.882808698174434,18
0,NO,66,97,157,60.758152038557874,5.993039737301386,4
0,NO,66,100,154,62.11912995862048,6.367922044811866,67
0,NO,66,100,155,62.83844192436084,7.686861779180357,19
0,NO,66,101,144,60.956336090634665,7.177070126494222,4
0,NO,66,101,160,61.54134609132412,8.689054554431559,9
0,NO,66,105,155,63.01806634935871,8.560679639597845,2
0,NO,67,98,146,64.188751,11.919523999999997,1
0,NO,67,98,152,64.8323877078691,13.504080544223221,44
0,NO,67,105,146,64.03773723938848,10.498973569140357,14
0,NO,68,103,148,69.5096990261127,18.742204998178085,64
0,NO,68,103,161,68.80123503930682,16.728573335662723,86
0,NO,69,97,144,60.42502603669099,7.250147047316474,2
0,NO,69,99,144,60.127198000000014,8.679535,1
0,NO,69,99,156,58.893457939618834,9.368524315097297,18
0,NO,69,99,159,59.89052582298793,10.202249713774142,36
0,NO,69,101,144,60.584160212178766,8.421377133939396,11
0,NO,69,101,159,60.562675690668264,10.014556156971592,8
0,NO,69,101,160,61.0808003707604,9.135801819538774,11
0,NO,70,98,147,65.84143800000001,14.814617,1
0,NO,70,102,147,66.87140031569692,14.90316378814379,51
0,NO,70,102,153,68.18066190320418,13.528486005365052,18
0,NO,71,101,160,61.53386415847577,10.084074242766768,5
0,NO,71,105,146,63.41121743778407,10.493886286258544,11
0,NO,71,105,155,63.296217199481895,9.088795285284968,13
0,NO,71,106,151,62.07264258783476,12.24132587384776,36
0,NO,71,106,160,61.80152700000002,10.223131,1
0,PL,72,110,177,49.82065993643734,19.315496944024837,9
0,PL,72,117,163,50.186135866335775,22.758869878407594,2
0,PL,72,117,168,50.60364100182116,21.721709779387442,4
0,PL,72,117,172,49.787529000018274,21.85585176789807,55
0,PL,72,119,168,50.70353530818867,20.723398909731646,24
0,PL,72,119,177,49.954290739904295,20.02943603136779,20
0,PL,73,108,163,50.787159427382214,23.1479447369192,22
0,PL,73,108,171,51.63353178241465,23.136850001008593,32
0,PL,73,108,176,51.450234862219716,22.17634923322561,24
0,PL,73,112,166,52.19011799999999,22.102179,1
0,PL,73,112,171,52.297009316229634,22.553159589794276,2
0,PL,73,112,176,51.6114754010663,21.767390069102312,18
0,PL,73,117,163,50.50049581972271,22.632914581937758,3
0,PL,73,119,168,51.06713050015563,21.28188003449138,2
0,PL,74,109,173,53.6931091050635,21.386140279427774,11
0,PL,74,111,170,53.30639450136422,22.825827227154196,38
0,PL,74,111,178,54.123633233609645,22.69667240913153,32
0,PL,74,112,166,52.681865,22.297236000000005,1
0,PL,75,113,162,53.708316236612916,16.1253076693583,20
0,PL,75,113,169,53.20692993820751,15.010710535320294,57
0,PL,75,113,179,52.57118354051772,16.67712216610617,5
0,PL,75,115,179,52.55412,17.44755,1
0,PL,75,116,179,52.937182,17.389882,1
0,PL,75,118,165,52.03670059712788,15.216369653633294,2
0,PL,75,118,179,52.293588,16.743928,1
0,PL,76,113,162,54.02836758455268,16.25771703243993,4
0,PL,76,114,162,54.09671342028067,16.845333601760803,21
0,PL,76,114,164,54.47375598120627,17.957180619329662,55
0,PL,76,116,174,53.401776202148106,17.869131246886386,5
0,PL,77,110,167,50.56994688146401,18.544032146889485,28
0,PL,77,110,177,50.13770474631031,18.919197020424903,2
0,PL,77,115,167,51.220202411614274,18.56057426494512,6
0,PL,77,115,179,51.79367351767368,17.8218841502362,16
0,PL,77,118,165,51.11677089128669,16.135403162554905,28
0,PL,77,118,167,50.764151664788756,17.284176505204815,4
0,PL,77,118,179,51.644384,16.925847,1
0,PL,78,109,166,52.85955668302894,20.44860805870409,3
0,PL,78,109,173,53.54462529236843,20.46219089984242,58
0,PL,78,116,174,53.26422251234895,19.0331779392238,32
0,PL,79,112,166,52.45414469394668,21.217058057205886,41
0,PL,79,112,168,51.312087000000005,20.988604000000002,1
0,PL,79,112,175,51.961944469438784,20.340995098270554,20
0,PL,79,112,176,51.64977547260644,21.2088652861105,13
0,PL,79,115,175,51.85437878869095,19.337562822232705,16
0,PL,79,119,168,51.1785675253449,20.529804498183235,5
0,PL,79,119,175,51.33454900000001,19.996041000000005,1
0,SE,80,121,185,57.41179930483656,18.296026597215377,50
0,SE,80,121,187,57.03525873757481,16.339732330290108,3
0,SE,80,121,196,57.9977343157501,16.43189395658201,3
0,SE,80,122,196,58.54868909311102,16.684472839202517,2
0,SE,80,123,187,56.27387510479703,16.485699484010762,3
0,SE,80,128,187,57.67606097654453,15.655407704210578,3
0,SE,80,128,196,58.18073222743359,15.628055231637457,7
0,SE,81,124,189,64.40369323574309,20.80053180006392,42
0,SE,81,124,190,63.74625516934968,19.146514859631946,36
0,SE,81,125,190,62.935059442278416,18.03604871253417,2
0,SE,82,125,180,62.836156,16.014725999999996,1
0,SE,82,125,186,63.014939,17.099603000000002,1
0,SE,82,126,180,63.24238816131392,14.860586715319346,20
0,SE,82,126,192,64.07291636851205,15.535108463965566,49
0,SE,82,126,195,64.74274900000002,15.802440999999996,1
0,SE,82,131,180,62.750738200105815,12.763555477259766,5
0,SE,83,120,195,65.29264259021375,16.522216199527982,45
0,SE,83,120,197,65.60028859660996,18.6705689839628,46
0,SE,83,129,197,65.73119197667057,19.862442590919837,10
0,SE,84,129,182,66.5364806192278,20.164781808095583,34
0,SE,84,129,193,66.10873669477229,22.406072220219027,35
0,SE,84,130,182,67.1327470010041,20.126534508108,24
0,SE,84,130,188,67.73475835162138,20.879526411491163,41
0,SE,85,122,183,60.03817088485723,17.27503298192006,68
0,SE,85,122,196,59.05687781708983,16.82561864814392,23
0,SE,85,127,183,60.30005752576752,15.770466578873314,4
0,SE,85,127,194,59.98276946495079,14.022310462807404,25
0,SE,85,127,196,59.24045145325348,15.231263511638867,8
0,SE,85,128,181,58.80527148807068,13.141101148169316,2
0,SE,85,128,196,58.58121960696785,15.161561263356925,6
0,SE,86,123,184,55.82631786896772,13.691362193380199,41
0,SE,86,123,187,56.64171766241259,14.950386431565656,21
0,SE,86,128,181,57.99048501364609,12.702735636182199,32
0,SE,86,128,187,57.36823910899345,14.610736946825275,4
0,SE,87,125,180,62.61662102819186,15.664129590691482,2
0,SE,87,125,183,60.928301,16.355499,1
0,SE,87,125,186,61.898430109459696,16.986224206315185,46
0,SE,87,125,191,61.46683035170501,15.799272848563534,5
0,SE,87,127,191,60.933978663699605,15.694804062620966,2
0,SE,87,127,194,60.70999546301886,13.246109586306698,5
0,SE,87,131,180,62.423744953510884,14.113625191330428,5
0,SE,87,131,191,61.62214673238778,14.303276026698173,37
0,TR,88,137,200,41.030274925471005,27.26633291972128,41
0,TR,88,137,205,40.737838605274916,28.922188671225214,5
0,TR,88,137,212,39.713357,27.801312000000003,1
0,TR,88,139,205,40.33951413703187,29.362578605411226,9
0,TR,88,141,212,39.41693707086336,27.387225020372306,7
0,TR,89,135,198,36.92604480721528,35.70880011692639,42
0,TR,89,135,206,37.03308400000001,37.37757899999999,1
0,TR,89,140,198,36.82589659590263,34.521770813942474,5
0,TR,89,140,202,36.815334,31.767091,1
0,TR,89,140,209,38.027304864078346,33.09746521016732,2
0,TR,89,140,215,36.69408645649883,33.282781638406725,66
0,TR,89,143,209,38.43480160908372,33.78745575494106,16
0,TR,89,143,210,38.240283001253175,35.09914549587356,2
0,TR,90,132,204,39.988068,41.520383,1
0,TR,90,142,208,38.25909039661134,42.87791055503959,20
0,TR,90,142,213,39.957115970209735,43.61730745662346,43
0,TR,91,135,206,37.08582492243984,38.15265934360791,4
0,TR,91,138,199,38.04204810444315,41.08457762858584,61
0,TR,91,138,206,37.33789083566112,39.4546727994834,17
0,TR,91,138,208,38.42578750597654,42.1271319718618,2
0,TR,92,133,205,41.093368000000005,30.55773,1
0,TR,92,133,209,39.78016519358148,33.04046491266578,13
0,TR,92,133,214,41.15398651047936,32.13847160444936,39
0,TR,92,139,205,40.50411178010865,30.309022639769022,16
0,TR,92,139,207,39.279886116765475,31.118305087815365,25
0,TR,92,139,214,40.170891,31.300425,1
0,TR,92,143,209,39.13648554838722,33.267329070736515,6
0,TR,93,133,201,41.941525,34.317575,1
0,TR,93,136,201,40.97548482309333,35.937048847210285,55
0,TR,93,136,210,39.11796314147253,37.41760027131492,8
0,TR,93,143,201,40.230588000000004,34.767728999999996,1
0,TR,93,143,209,39.367052879030226,34.07987393299273,14
0,TR,93,143,210,38.79202769248013,35.6860897116782,46
0,TR,94,134,202,37.275573358193746,30.533869693674482,39
0,TR,94,134,207,38.26568248867895,29.95894625238242,6
0,TR,94,134,211,36.74241745620427,28.99862796794715,25
0,TR,94,139,207,38.79215695214686,29.935082704672464,16
0,TR,94,141,211,37.1339832393362,27.578730779547435,3
0,TR,94,141,212,38.33521289939987,27.488067512204772,47
0,TR,95,132,203,39.90227131886525,39.418365133078396,42
0,TR,95,132,204,40.75198664623325,40.17811782611464,31
0,TR,95,136,203,40.460979624325105,37.939565830756386,19
