fold,partition,iso,country_index,local_label,global_label,lat,lng,training_count
4,a,BY,0,0,0,54.29595750770352,26.220054744859347,61
4,a,BY,0,1,1,54.96942955384383,30.059452412630595,88
4,a,BY,0,2,2,53.36476099293131,30.366704690944005,121
4,a,BY,0,3,3,55.58003804382611,28.533021227990442,108
4,a,BY,0,4,4,52.0556652061326,30.053737562843487,109
4,a,BY,0,5,5,52.638750119384774,24.949337325332156,78
4,a,BY,0,6,6,52.292891747181976,27.313284184606616,59
4,a,BY,0,7,7,53.72917538135417,27.914670744040546,68
4,b,BY,0,0,0,52.47558527096208,30.952229069725227,54
4,b,BY,0,1,1,55.01987621574096,30.174347846076877,79
4,b,BY,0,2,2,53.40090362919414,25.00253628861257,27
4,b,BY,0,3,3,54.3897829797972,28.48833118207681,42
4,b,BY,0,4,4,52.20042495416835,27.36326553376824,47
4,b,BY,0,5,5,53.01963825275527,29.423339124262547,55
4,b,BY,0,6,6,53.38083655904943,27.24719529130087,47
4,b,BY,0,7,7,53.696335073863416,30.80175744298198,64
4,b,BY,0,8,8,55.64708459530671,28.574052523029554,98
4,b,BY,0,9,9,52.36959802603006,25.02137583670959,59
4,b,BY,0,10,10,54.493924008389186,26.35847667341971,53
4,b,BY,0,11,11,51.85991803545852,29.501872827076205,67
4,c,BY,0,0,0,55.33155841566008,29.1234177706663,50
4,c,BY,0,1,1,53.37036727340926,27.233107756931894,46
4,c,BY,0,2,2,51.867418897262446,30.212537399680414,27
4,c,BY,0,3,3,54.36468065974014,26.21388269332752,42
4,c,BY,0,4,4,52.20438982763021,27.436942330522225,42
4,c,BY,0,5,5,52.32574306452027,24.102546922787393,21
4,c,BY,0,6,6,52.335618852076045,31.146955964368985,34
4,c,BY,0,7,7,52.36756083862776,25.606188945111708,42
4,c,BY,0,8,8,53.05473347301156,29.31036033081702,44
4,c,BY,0,9,9,55.83319705613406,28.493510706129634,60
4,c,BY,0,10,10,54.329869204082826,28.423011056790692,41
4,c,BY,0,11,11,53.40090362919414,25.00253628861257,27
4,c,BY,0,12,12,54.95179083348456,30.314829263599897,63
4,c,BY,0,13,13,52.94150109822485,30.449195842036602,29
4,c,BY,0,14,14,53.62986511536931,31.58956130243985,21
4,c,BY,0,15,15,55.11695707150626,27.26383666153912,17
4,c,BY,0,16,16,53.77840033065742,30.403451763693212,39
4,c,BY,0,17,17,51.912337978883485,29.136562897214617,47
4,coarse,BY,0,0,0,52.54664280554188,27.510270445509306,77
4,coarse,BY,0,1,1,55.43540978305933,29.058002202955016,164
4,coarse,BY,0,2,2,52.363781826668735,30.007707457509607,164
4,coarse,BY,0,3,3,52.62101680945743,24.992121654429276,81
4,coarse,BY,0,4,4,53.964969376052125,30.635182606085525,95
4,coarse,BY,0,5,5,54.18247645351625,26.97160462027121,111
4,fine,BY,0,0,0,54.73237269221096,26.360339224786436,33
4,fine,BY,0,1,1,53.62986511536931,31.58956130243985,21
4,fine,BY,0,2,2,52.20438982763021,27.436942330522225,42
4,fine,BY,0,3,3,52.268444630851675,31.225842596006828,27
4,fine,BY,0,4,4,54.05467723643608,26.49902735476464,24
4,fine,BY,0,5,5,55.331592228268526,29.000792138336877,42
4,fine,BY,0,6,6,51.867418897262446,30.212537399680414,27
4,fine,BY,0,7,7,52.85810182272706,30.620534518258697,31
4,fine,BY,0,8,8,53.04638335330259,29.374372729145954,49
4,fine,BY,0,9,9,54.577180987913735,30.42162784836443,25
4,fine,BY,0,10,10,52.36756083862776,25.606188945111708,42
4,fine,BY,0,11,11,53.30610245338153,27.41275997815658,35
4,fine,BY,0,12,12,54.334632753948625,28.450025299053777,40
4,fine,BY,0,13,13,53.52622819954584,24.099799010952427,11
4,fine,BY,0,14,14,55.765198930118025,28.422148765961094,67
4,fine,BY,0,15,15,51.912337978883485,29.136562897214617,47
4,fine,BY,0,16,16,53.347252885085574,25.839966872371004,23
4,fine,BY,0,17,17,52.32574306452027,24.102546922787393,21
4,fine,BY,0,18,18,53.77840033065742,30.403451763693212,39
4,fine,BY,0,19,19,55.221138071407786,30.16086669345755,46
4,a,DE,1,0,8,53.84084606984235,9.229317016225606,115
4,a,DE,1,1,9,53.12013065337935,11.912004473907139,98
4,a,DE,1,2,10,48.495697741719546,9.240012882323748,97
4,a,DE,1,3,11,51.98410316468085,13.528044833301632,103
4,a,DE,1,4,12,52.15639908930309,7.96225155694723,101
4,a,DE,1,5,13,50.567206377308516,11.052912152901785,98
4,a,DE,1,6,14,50.29202146304155,7.887909151065865,110
4,a,DE,1,7,15,48.39209299797365,11.947187945842856,78
4,b,DE,1,0,12,47.984404936460535,10.48978390526165,53
4,b,DE,1,1,13,53.277904414657016,13.105440540442864,65
4,b,DE,1,2,14,51.761039836768184,7.478273237287846,64
4,b,DE,1,3,15,53.07661652494974,8.248673328623541,67
4,b,DE,1,4,16,51.67785367462416,13.422765638427405,91
4,b,DE,1,5,17,51.06755506888374,10.583554394346944,68
4,b,DE,1,6,18,48.49441977072547,12.536289415602166,47
4,b,DE,1,7,19,52.87135534308969,10.795916325190694,73
4,b,DE,1,8,20,48.542316579829574,8.566363017478494,54
4,b,DE,1,9,21,54.248559357090166,9.488011481630693,64
4,b,DE,1,10,22,50.251035232546776,7.785950313874131,91
4,b,DE,1,11,23,49.68070158459674,10.642896170143192,63
4,c,DE,1,0,18,53.15332069377004,10.553846311183824,64
4,c,DE,1,1,19,49.153961000587906,10.33901950976456,45
4,c,DE,1,2,20,53.19042682650486,8.032383888642276,51
4,c,DE,1,3,21,51.68367520150798,14.107631918808188,46
4,c,DE,1,4,22,52.15661195997528,8.873231309057715,34
4,c,DE,1,5,23,50.285949353050036,11.714583154672686,45
4,c,DE,1,6,24,50.45337777512205,9.062083943815251,47
4,c,DE,1,7,25,51.274307127395126,10.510167046742893,41
4,c,DE,1,8,26,50.27248859444674,7.163596864282764,49
4,c,DE,1,9,27,47.83394240252141,10.633922650736856,42
4,c,DE,1,10,28,51.696905777013534,7.191283998333924,50
4,c,DE,1,11,29,48.16393489597236,8.587413955457114,33
4,c,DE,1,12,30,53.96182020683597,12.673480157017496,24
4,c,DE,1,13,31,49.28573907713589,8.334041864252479,34
4,c,DE,1,14,32,54.300201374804544,9.335549016465155,56
4,c,DE,1,15,33,48.501348975144175,12.5804060237021,45
4,c,DE,1,16,34,52.90841154693525,13.270344377759962,47
4,c,DE,1,17,35,51.98482646081974,12.352508498435474,47
4,coarse,DE,1,0,6,51.13033917954916,7.566877851176201,128
4,coarse,DE,1,1,7,48.325999751940564,11.525592069279854,104
4,coarse,DE,1,2,8,52.46943955675959,12.99789169141899,178
4,coarse,DE,1,3,9,50.66913260283603,10.819131721041115,115
4,coarse,DE,1,4,10,48.96291546870807,8.708602939826019,103
4,coarse,DE,1,5,11,53.524905244111935,9.210706916234072,172
4,fine,DE,1,0,20,51.8537872670695,10.305964620554034,27
4,fine,DE,1,1,21,49.15586697199529,10.42371149620643,40
4,fine,DE,1,2,22,48.48784369443571,12.561835521285452,46
4,fine,DE,1,3,23,50.14046018711472,7.134662937948299,47
4,fine,DE,1,4,24,54.563620287544516,9.137733720844944,34
4,fine,DE,1,5,25,51.924434265416984,12.441091593362033,44
4,fine,DE,1,6,26,53.56641799393971,9.924972598378696,60
4,fine,DE,1,7,27,50.78701958378991,10.026086754975868,33
4,fine,DE,1,8,28,49.902768069836306,8.881081776304882,38
4,fine,DE,1,9,29,50.34396885238392,11.68831882428854,49
4,fine,DE,1,10,30,51.668798882118054,14.11102141090423,45
4,fine,DE,1,11,31,51.84843052984437,6.979146941104557,36
4,fine,DE,1,12,32,53.230099940184196,7.920929372948746,43
4,fine,DE,1,13,33,48.454203144991936,8.44384946830368,46
4,fine,DE,1,14,34,52.92699793987921,13.837663014816453,32
4,fine,DE,1,15,35,51.03783777278932,8.010114997047081,33
4,fine,DE,1,16,36,47.87659654578099,10.498363448378699,46
4,fine,DE,1,17,37,53.909964138908975,12.56963736495569,25
4,fine,DE,1,18,38,52.33845929550426,8.71812742816318,34
4,fine,DE,1,19,39,52.881467903328534,11.59444991239253,42
4,a,ES,2,0,16,37.47909456600803,-4.560487785630247,134
4,a,ES,2,1,17,28.58703020672929,-14.080943748049894,75
4,a,ES,2,2,18,39.55225940163674,3.092082390788997,99
4,a,ES,2,3,19,38.67590122729679,-1.2299032053111463,129
4,a,ES,2,4,20,28.608793164620007,-17.4575293134589,36
4,a,ES,2,5,21,43.06089092437324,-7.082158128541301,112
4,a,ES,2,6,22,41.37859284085436,-3.461739933961293,115
4,a,ES,2,7,23,41.701817193214985,1.453008196174517,100
4,b,ES,2,0,24,42.02367198678223,-1.8963413628838253,66
4,b,ES,2,1,25,28.58703020672929,-14.080943748049894,75
4,b,ES,2,2,26,28.608793164620007,-17.4575293134589,36
4,b,ES,2,3,27,39.55225940163674,3.092082390788997,99
4,b,ES,2,4,28,37.209024528772886,-5.228334462737515,82
4,b,ES,2,5,29,38.86469595450479,-3.2944235216852262,61
4,b,ES,2,6,30,38.91835266133033,-0.6741543760896787,86
4,b,ES,2,7,31,43.13992017279911,-8.090507033001721,70
4,b,ES,2,8,32,41.72442521767125,1.9682936700840008,78
4,b,ES,2,9,33,40.65405443176677,-4.592481694855341,59
4,b,ES,2,10,34,37.201530691033796,-2.05194641953074,42
4,b,ES,2,11,35,43.11100275690111,-5.054364340002203,46
4,c,ES,2,0,36,41.934721677050135,-0.9581926489091503,33
4,c,ES,2,1,37,28.703221357518437,-17.84106318933664,26
4,c,ES,2,2,38,36.849252684745814,-5.593203386555839,40
4,c,ES,2,3,39,42.86520938070114,-8.321739886228157,46
4,c,ES,2,4,40,42.13528819314566,-2.9602304235027352,40
4,c,ES,2,5,41,40.60297139017122,-4.587583941642678,53
4,c,ES,2,6,42,28.65221568885455,-13.905353606091156,67
4,c,ES,2,7,43,39.55225940163674,3.092082390788997,99
4,c,ES,2,8,44,42.01430843572959,2.78600813526977,42
4,c,ES,2,9,45,39.03254663923596,-2.9554821582231026,59
4,c,ES,2,10,46,38.57809159501784,-6.291636627684002,17
4,c,ES,2,11,47,28.21413536796117,-16.05374865352454,18
4,c,ES,2,12,48,41.37895967033226,1.0236261296770408,36
4,c,ES,2,13,49,37.14739800900108,-3.5475323381856767,62
4,c,ES,2,14,50,38.08189610794262,-0.9320338060346011,51
4,c,ES,2,15,51,43.665118241936824,-7.641460136739816,24
4,c,ES,2,16,52,43.10315677690326,-5.176012853016161,43
4,c,ES,2,17,53,39.39310248033179,-0.314338969353989,44
4,coarse,ES,2,0,12,40.51075687647586,2.60587759016685,177
4,coarse,ES,2,1,13,28.6032520269519,-15.175761710118163,111
4,coarse,ES,2,2,14,43.02067451099682,-7.0234248855515755,116
4,coarse,ES,2,3,15,37.485059568894926,-4.522597613877827,137
4,coarse,ES,2,4,16,38.76690453735691,-1.1676550917253734,132
4,coarse,ES,2,5,17,41.460698740885384,-3.0016668547988896,127
4,fine,ES,2,0,40,39.085324072382036,-2.0433842056298746,28
4,fine,ES,2,1,41,28.06542905396299,-14.705250643286119,29
4,fine,ES,2,2,42,41.96200529790015,-0.9090667354041967,34
4,fine,ES,2,3,43,39.55225940163674,3.092082390788997,99
4,fine,ES,2,4,44,43.1572568221128,-8.110701860049188,69
4,fine,ES,2,5,45,36.80684806690168,-5.988678309523686,26
4,fine,ES,2,6,46,37.78412325869109,-4.188920532570456,25
4,fine,ES,2,7,47,38.01785708378896,-0.835348237875626,45
4,fine,ES,2,8,48,36.89017657854294,-2.6560764654497344,25
4,fine,ES,2,9,49,39.39310248033179,-0.314338969353989,44
4,fine,ES,2,10,50,28.91437343199693,-13.684196446806151,46
4,fine,ES,2,11,51,40.63973447826574,-4.604814485712794,51
4,fine,ES,2,12,52,42.166672189757584,-2.9733402627570067,41
4,fine,ES,2,13,53,39.00269048169339,-3.5207795699120368,38
4,fine,ES,2,14,54,42.01430843572959,2.78600813526977,42
4,fine,ES,2,15,55,38.57621206349236,-6.48576730843585,15
4,fine,ES,2,16,56,43.068552422800224,-5.251216639108356,43
4,fine,ES,2,17,57,36.803883495427414,-4.420234493211381,29
4,fine,ES,2,18,58,28.608793164620007,-17.4575293134589,36
4,fine,ES,2,19,59,41.33691034946883,1.0316493585438749,35
4,a,FI,3,0,24,61.08247503460957,23.941293298341407,129
4,a,FI,3,1,25,67.67742570334492,25.890881876289022,139
4,a,FI,3,2,26,66.22906962222916,28.52049934035235,69
4,a,FI,3,3,27,62.35354157123914,29.279704472933492,118
4,a,FI,3,4,28,64.23418331452275,28.69258749444117,109
4,a,FI,3,5,29,65.26841173361085,25.474398765067484,82
4,a,FI,3,6,30,62.70375067016263,22.59291585625499,87
4,a,FI,3,7,31,62.98153943111754,26.064883737820807,67
4,b,FI,3,0,36,62.69509682666361,22.58489511313479,81
4,b,FI,3,1,37,64.21048066058647,25.63878678315816,61
4,b,FI,3,2,38,67.57532886984838,24.87939764962992,80
4,b,FI,3,3,39,65.93210788391518,25.50678195334533,61
4,b,FI,3,4,40,63.080351156268755,29.454011004400687,74
4,b,FI,3,5,41,61.1747180514661,22.790446434828024,61
4,b,FI,3,6,42,61.73730803121196,28.875249670805434,64
4,b,FI,3,7,43,60.958582716373066,24.745421005201194,63
4,b,FI,3,8,44,62.62662767480817,25.835549076481374,51
4,b,FI,3,9,45,66.12375216412634,28.757095044605276,60
4,b,FI,3,10,46,64.38387039795101,28.77324619718508,89
4,b,FI,3,11,47,67.92232319960237,27.650539361741128,55
4,c,FI,3,0,54,62.09320144398722,29.53849943073471,48
4,c,FI,3,1,55,67.01246789507329,25.374347044439247,43
4,c,FI,3,2,56,61.23162565900281,22.695141742940603,56
4,c,FI,3,3,57,68.45002802249746,27.23121514197747,26
4,c,FI,3,4,58,65.13620155517643,27.781426175025743,34
4,c,FI,3,5,59,63.621052309812576,26.251607584489516,39
4,c,FI,3,6,60,66.00219282761032,28.912532160180138,42
4,c,FI,3,7,61,63.161702917144105,29.417536624588777,65
4,c,FI,3,8,62,67.28432555019437,28.2030732657143,41
4,c,FI,3,9,63,62.55730249390434,26.216042613772817,32
4,c,FI,3,10,64,67.92188005943017,24.541411624974373,46
4,c,FI,3,11,65,60.59778821959082,24.48810645457299,44
4,c,FI,3,12,66,64.26832195875102,29.019218734814917,66
4,c,FI,3,13,67,65.91892757814604,25.185679700801945,41
4,c,FI,3,14,68,62.82728323972528,22.339015661659545,63
4,c,FI,3,15,69,64.58112929866249,25.20888222297134,38
4,c,FI,3,16,70,61.25673835203575,27.72349338153986,29
4,c,FI,3,17,71,61.97217770333586,24.21823926356603,47
4,coarse,FI,3,0,18,65.99125578836536,27.071150337530145,125
4,coarse,FI,3,1,19,61.06045349601854,23.861695678342024,126
4,coarse,FI,3,2,20,64.23086346434121,27.82616638326829,154
4,coarse,FI,3,3,21,62.36394575096461,29.01748437690066,134
4,coarse,FI,3,4,22,62.76483952128744,23.507929808796497,125
4,coarse,FI,3,5,23,67.71523121445979,25.994216666057383,136
4,fine,FI,3,0,60,64.69943820376103,25.31361002805147,31
4,fine,FI,3,1,61,62.09320144398722,29.53849943073471,48
4,fine,FI,3,2,62,64.27513519606164,29.01029841680557,67
4,fine,FI,3,3,63,62.4670240342169,22.922015905508776,43
4,fine,FI,3,4,64,67.01246789507329,25.374347044439247,43
4,fine,FI,3,5,65,60.5233526821176,24.39598435017007,39
4,fine,FI,3,6,66,66.06773791116046,28.93799504479932,37
4,fine,FI,3,7,67,65.91892757814604,25.185679700801945,41
4,fine,FI,3,8,68,62.55730249390434,26.216042613772817,32
4,fine,FI,3,9,69,61.25673835203575,27.72349338153986,29
4,fine,FI,3,10,70,68.45002802249746,27.23121514197747,26
4,fine,FI,3,11,71,63.088703147991815,22.228088942212935,39
4,fine,FI,3,12,72,63.26931658831766,28.492330413285973,30
4,fine,FI,3,13,73,63.0955222172135,30.071017379216155,37
4,fine,FI,3,14,74,67.92188005943017,24.541411624974373,46
4,fine,FI,3,15,75,61.72104906395676,24.54587030137991,39
4,fine,FI,3,16,76,67.28432555019437,28.2030732657143,41
4,fine,FI,3,17,77,63.673359570477466,26.13836181479135,41
4,fine,FI,3,18,78,65.1974843240186,27.88759837667699,38
4,fine,FI,3,19,79,61.20290039156522,22.692023430912027,53
4,a,FR,4,0,32,47.49299991337896,5.253845404807993,132
4,a,FR,4,1,33,44.275003031442054,2.268415192942729,89
4,a,FR,4,2,34,44.439267764106944,-0.6971453539615174,130
4,a,FR,4,3,35,49.550381002713976,1.9398613118482775,90
4,a,FR,4,4,36,48.4628505044174,-3.1351027009401324,120
4,a,FR,4,5,37,44.13888641895728,5.572027364773141,89
4,a,FR,4,6,38,47.02435244352017,0.8826966565918758,102
4,a,FR,4,7,39,42.077720041579575,9.208782280517424,48
4,b,FR,4,0,48,43.30892402509839,1.6265098622028091,51
4,b,FR,4,1,49,48.32433689402635,-4.225761577755444,70
4,b,FR,4,2,50,46.3282916880115,4.92416445402521,80
4,b,FR,4,3,51,49.77948418975724,2.5314552387753624,59
4,b,FR,4,4,52,42.077720041579575,9.208782280517424,48
4,b,FR,4,5,53,46.59689181417775,-0.4555780863598183,69
4,b,FR,4,6,54,48.43154723464905,6.0834032899024075,54
4,b,FR,4,7,55,48.9514819152186,-0.9266772406668445,69
4,b,FR,4,8,56,43.8658222445536,5.63275165829968,75
4,b,FR,4,9,57,47.739968741534575,2.538290994456962,66
4,b,FR,4,10,58,44.4482938334297,-0.7938868862186328,104
4,b,FR,4,11,59,45.06752736116407,2.1781743435773206,55
4,c,FR,4,0,72,49.31963707544456,-0.7347425614545713,48
4,c,FR,4,1,73,46.72249865698918,5.822621532475466,39
4,c,FR,4,2,74,42.077720041579575,9.208782280517424,48
4,c,FR,4,3,75,46.074778679801966,1.752420841582053,28
4,c,FR,4,4,76,49.850009117011844,2.5325665724680477,55
4,c,FR,4,5,77,44.927802385445226,4.9292813859061315,32
4,c,FR,4,6,78,48.37390071219449,-4.381541369886788,63
4,c,FR,4,7,79,44.233392277598085,-0.9895649003726671,75
4,c,FR,4,8,80,48.57708341409081,6.112314759163861,46
4,c,FR,4,9,81,47.9069957193646,3.0879582022839323,50
4,c,FR,4,10,82,47.68992612084496,-1.80926297226744,41
4,c,FR,4,11,83,44.70104841468372,1.8926736954207295,39
4,c,FR,4,12,84,43.4365526496371,0.6518868742269525,33
4,c,FR,4,13,85,45.70754624403924,-0.580333906293279,51
4,c,FR,4,14,86,46.40461533480106,4.04264724575529,34
4,c,FR,4,15,87,47.564803151356266,0.8443765601523595,37
4,c,FR,4,16,88,43.34255214782486,3.0689753705479137,26
4,c,FR,4,17,89,43.67836657522037,5.9548386270447935,55
4,coarse,FR,4,0,24,44.74640549401732,0.10038026018447391,222
4,coarse,FR,4,1,25,48.327918066434215,-2.9036838876036826,134
4,coarse,FR,4,2,26,48.887063677633016,1.841433670580679,138
4,coarse,FR,4,3,27,47.315635773853174,5.100618248777073,147
4,coarse,FR,4,4,28,42.077720041579575,9.208782280517424,48
4,coarse,FR,4,5,29,43.93375675262328,4.96558822407142,111
4,fine,FR,4,0,80,47.540974966213604,0.9143865204014938,32
4,fine,FR,4,1,81,43.652026848651474,6.276594145192852,41
4,fine,FR,4,2,82,48.37390071219449,-4.381541369886788,63
4,fine,FR,4,3,83,44.19399453143183,-0.9975769834115216,71
4,fine,FR,4,4,84,48.57359778068972,6.154430184690412,44
4,fine,FR,4,5,85,50.03718993197866,3.0014169034028564,39
4,fine,FR,4,6,86,45.54809614024462,-0.7381921497653016,46
4,fine,FR,4,7,87,44.88243913117668,2.005426937196974,43
4,fine,FR,4,8,88,43.31779257740127,2.969151553931917,25
4,fine,FR,4,9,89,46.98852823414892,5.838797017415959,30
4,fine,FR,4,10,90,42.077720041579575,9.208782280517424,48
4,fine,FR,4,11,91,47.660712106215165,-1.7765378270877024,41
4,fine,FR,4,12,92,46.28029947249008,0.8690511143589406,29
4,fine,FR,4,13,93,49.354115459454945,1.05858385187151,33
4,fine,FR,4,14,94,47.9069957193646,3.0879582022839323,50
4,fine,FR,4,15,95,46.389061720760395,3.8579350591693906,34
4,fine,FR,4,16,96,45.75782523331099,5.311771842435103,27
4,fine,FR,4,17,97,44.16703849104921,4.83941680976733,34
4,fine,FR,4,18,98,49.27001234294874,-1.2165449172855536,35
4,fine,FR,4,19,99,43.48230800235335,0.6722586155262708,35
4,a,GB,5,0,40,53.56551987493408,-0.9699532348838916,94
4,a,GB,5,1,41,58.50396275635469,-4.641512994069196,122
4,a,GB,5,2,42,50.36908482338359,-4.791705410078086,128
4,a,GB,5,3,43,54.8064393776499,-6.0096368782929845,51
4,a,GB,5,4,44,55.39992666472588,-2.87506467167371,93
4,a,GB,5,5,45,51.73051831493247,-0.25269097166964405,92
4,a,GB,5,6,46,56.861280575126216,-4.799892236411866,157
4,a,GB,5,7,47,52.25091135019602,-3.4403307918251724,63
4,b,GB,5,0,60,55.45529918954261,-2.7436451339481263,77
4,b,GB,5,1,61,53.525888225955285,-0.715519196525014,81
4,b,GB,5,2,62,58.611650561437365,-4.214185179319751,90
4,b,GB,5,3,63,50.362702562177496,-4.826004045645182,126
4,b,GB,5,4,64,54.70371778240053,-6.137442619668475,45
4,b,GB,5,5,65,52.25126516644772,-3.9072486449593185,40
4,b,GB,5,6,66,51.58531343993286,-1.5852942894524664,53
4,b,GB,5,7,67,57.1018893413372,-3.4533255136535574,58
4,b,GB,5,8,68,57.84895189156951,-6.05959305480739,60
4,b,GB,5,9,69,51.8359092356913,0.37630879926250654,56
4,b,GB,5,10,70,53.81794095090507,-2.9799790630055463,30
4,b,GB,5,11,71,56.32930769450245,-5.144770908938876,84
4,c,GB,5,0,90,50.48590863390427,-4.505858590826266,68
4,c,GB,5,1,91,55.355856521558295,-2.4033857092718893,53
4,c,GB,5,2,92,52.28598335343821,1.164732686651664,18
4,c,GB,5,3,93,52.3266019246857,-0.8944028834361696,42
4,c,GB,5,4,94,54.62949245621782,-6.386728035466571,38
4,c,GB,5,5,95,58.49127818644202,-6.264907507513752,16
4,c,GB,5,6,96,51.36598155853127,-1.980191454389413,28
4,c,GB,5,7,97,52.27675404179369,-3.9239242373977823,41
4,c,GB,5,8,98,51.20577379946311,-0.02258734202675763,31
4,c,GB,5,9,99,53.6318699817489,-0.675710264997733,71
4,c,GB,5,10,100,57.54148541479563,-5.862456307216526,46
4,c,GB,5,11,101,59.184505280250946,-2.8719419615967503,19
4,c,GB,5,12,102,53.83559946940396,-2.9231535780468207,29
4,c,GB,5,13,103,58.412212681656186,-4.590565048720753,78
4,c,GB,5,14,104,56.46784881132561,-5.308098135822777,66
4,c,GB,5,15,105,50.21714184578886,-5.199227384698286,58
4,c,GB,5,16,106,55.594235260002186,-4.165811847526081,45
4,c,GB,5,17,107,56.96522190190332,-3.2467838776031046,53
4,coarse,GB,5,0,30,55.6188823016027,-2.9234015104258844,109
4,coarse,GB,5,1,31,58.011211521654744,-4.686863012068791,205
4,coarse,GB,5,2,32,50.549336607036324,-4.750516512212968,147
4,coarse,GB,5,3,33,53.38636965614208,-1.5413411445209435,124
4,coarse,GB,5,4,34,55.58147908067676,-5.664413523345126,108
4,coarse,GB,5,5,35,51.7537463498748,-0.5487909745311778,107
4,fine,GB,5,0,100,54.874975150998075,-6.751346501744806,17
4,fine,GB,5,1,101,52.28598335343821,1.164732686651664,18
4,fine,GB,5,2,102,55.37015805963358,-2.4100076081113784,52
4,fine,GB,5,3,103,51.45099664184955,-2.058826279515797,33
4,fine,GB,5,4,104,57.41506833567647,-6.625739656547973,26
4,fine,GB,5,5,105,51.881358485612175,-4.814422241104319,15
4,fine,GB,5,6,106,56.93110207817352,-3.188589040283687,50
4,fine,GB,5,7,107,50.48590863390427,-4.505858590826266,68
4,fine,GB,5,8,108,54.116454259523074,-2.667708009210972,26
4,fine,GB,5,9,109,56.46616373330698,-5.256597319461723,64
4,fine,GB,5,10,110,55.594235260002186,-4.165811847526081,45
4,fine,GB,5,11,111,59.184505280250946,-2.8719419615967503,19
4,fine,GB,5,12,112,54.42997705132767,-6.094778733604317,21
4,fine,GB,5,13,113,52.73191855694053,-3.3288210612114133,31
4,fine,GB,5,14,114,50.21714184578886,-5.199227384698286,58
4,fine,GB,5,15,115,51.20577379946311,-0.02258734202675763,31
4,fine,GB,5,16,116,57.70549980118264,-4.816705121350324,37
4,fine,GB,5,17,117,52.34123568433875,-0.8480448432420468,40
4,fine,GB,5,18,118,58.49611327843647,-4.928269616279739,82
4,fine,GB,5,19,119,53.60436907897013,-0.62614501677296,67
4,a,IS,6,0,48,65.15043024898314,-14.41122135629555,129
4,a,IS,6,1,49,63.95701270651994,-21.79506865349674,72
4,a,IS,6,2,50,65.73703890002723,-19.637205944922766,123
4,a,IS,6,3,51,63.59478179436768,-18.930264820159596,103
4,a,IS,6,4,52,64.08119403040024,-16.16390644995442,46
4,a,IS,6,5,53,65.71288846327298,-23.03474660267701,122
4,a,IS,6,6,54,65.93185467714461,-17.39839989027907,85
4,a,IS,6,7,55,64.89972184451867,-22.440645996359745,88
4,b,IS,6,0,72,64.9343045772874,-21.572455491985412,47
4,b,IS,6,1,73,63.55748929496094,-18.630953366118845,79
4,b,IS,6,2,74,65.85574405109327,-17.049652720431954,54
4,b,IS,6,3,75,63.84049237842253,-20.161128502279997,37
4,b,IS,6,4,76,64.07375235005166,-16.191561608252115,45
4,b,IS,6,5,77,64.91575815401853,-14.208231944512736,89
4,b,IS,6,6,78,65.71722918054235,-23.053793008401414,120
4,b,IS,6,7,79,66.02888108062182,-18.741743673418597,68
4,b,IS,6,8,80,63.910912717356055,-22.073085744315936,57
4,b,IS,6,9,81,65.62224287360416,-19.889949263793337,82
4,b,IS,6,10,82,64.87421433669478,-23.22995124233097,46
4,b,IS,6,11,83,65.64735905233125,-14.935010938906222,44
4,c,IS,6,0,108,65.58038579257176,-20.39106273125474,40
4,c,IS,6,1,109,64.98438151040041,-14.159067376764115,79
4,c,IS,6,2,110,65.5250172933831,-22.147943933204747,34
4,c,IS,6,3,111,63.59766358245796,-19.88498308462946,25
4,c,IS,6,4,112,65.85574405109327,-17.049652720431954,54
4,c,IS,6,5,113,66.0942200715491,-18.667708400751124,54
4,c,IS,6,6,114,65.65492862947406,-14.945854954104583,43
4,c,IS,6,7,115,63.85084214369081,-22.382052935644367,39
4,c,IS,6,8,116,63.97214539241213,-16.60195297700671,29
4,c,IS,6,9,117,63.52051161854265,-18.566282156702524,67
4,c,IS,6,10,118,64.87421433669478,-23.22995124233097,46
4,c,IS,6,11,119,64.83136586199417,-21.53800485987173,37
4,c,IS,6,12,120,65.68329755399739,-19.343360484669407,57
4,c,IS,6,13,121,64.05432630846647,-21.068564620711093,31
4,c,IS,6,14,122,65.63867243272163,-23.500293223612065,62
4,c,IS,6,15,123,65.95022949069703,-22.79983801389836,33
4,c,IS,6,16,124,64.03058880000475,-18.98436296112232,11
4,c,IS,6,17,125,64.33879448332762,-15.09041960679513,27
4,coarse,IS,6,0,36,65.44005256315934,-22.884458042392517,192
4,coarse,IS,6,1,37,64.86350150859982,-14.479575973088805,122
4,coarse,IS,6,2,38,63.66969171074791,-18.46416464919935,128
4,coarse,IS,6,3,39,65.80332242806466,-19.364724951097845,153
4,coarse,IS,6,4,40,65.83184985018983,-16.289107769723632,82
4,coarse,IS,6,5,41,64.09099119388641,-21.76185858851427,91
4,fine,IS,6,0,120,65.27553300713782,-14.51346075776682,40
4,fine,IS,6,1,121,65.97817479269328,-22.876644255722454,27
4,fine,IS,6,2,122,63.52051161854265,-18.566282156702524,67
4,fine,IS,6,3,123,65.85574405109327,-17.049652720431954,54
4,fine,IS,6,4,124,65.60799213211271,-20.33409903745008,41
4,fine,IS,6,5,125,63.59766358245796,-19.88498308462946,25
4,fine,IS,6,6,126,65.78571796905433,-15.017038686975457,29
4,fine,IS,6,7,127,63.85084214369081,-22.382052935644367,39
4,fine,IS,6,8,128,64.33879448332762,-15.09041960679513,27
4,fine,IS,6,9,129,64.05432630846647,-21.068564620711093,31
4,fine,IS,6,10,130,64.87421433669478,-23.22995124233097,46
4,fine,IS,6,11,131,64.64136621144773,-21.685763758129127,21
4,fine,IS,6,12,132,63.97214539241213,-16.60195297700671,29
4,fine,IS,6,13,133,65.15573303981364,-21.420223233202304,25
4,fine,IS,6,14,134,65.67713263143709,-19.310274320592118,54
4,fine,IS,6,15,135,65.63867243272163,-23.500293223612065,62
4,fine,IS,6,16,136,65.63203982405348,-22.28792440210033,33
4,fine,IS,6,17,137,66.0942200715491,-18.667708400751124,54
4,fine,IS,6,18,138,64.87019207216471,-14.061871929619848,53
4,fine,IS,6,19,139,64.03058880000475,-18.98436296112232,11
4,a,IT,7,0,56,40.24953259564355,8.979982191991375,144
4,a,IT,7,1,57,44.90248690879266,8.035428075144614,66
4,a,IT,7,2,58,37.57499798259772,14.335874765058326,136
4,a,IT,7,3,59,40.30955058476682,16.849466848978498,143
4,a,IT,7,4,60,41.23955940563859,14.652553581215225,65
4,a,IT,7,5,61,42.66077634901114,12.756925210133335,95
4,a,IT,7,6,62,45.83203593183787,11.737949554236199,86
4,a,IT,7,7,63,44.187820677006314,10.862245457886631,65
4,b,IT,7,0,84,40.63448429930327,17.04676007153385,108
4,b,IT,7,1,85,45.78890500281255,11.691747544138615,92
4,b,IT,7,2,86,39.1265068486093,8.79343900671596,45
4,b,IT,7,3,87,37.31877927329595,14.755337936710395,86
4,b,IT,7,4,88,42.390833039627346,12.311936782248639,61
4,b,IT,7,5,89,44.11241113961847,10.838410195344432,61
4,b,IT,7,6,90,44.881461535615614,8.014731696817071,65
4,b,IT,7,7,91,43.0021962073463,13.702418098206993,38
4,b,IT,7,8,92,40.759871987912035,9.066823316402969,99
4,b,IT,7,9,93,37.964809853297155,13.260480173294567,44
4,b,IT,7,10,94,39.12926908993671,16.25681818282136,40
4,b,IT,7,11,95,41.153189572366806,14.699472130759496,61
4,c,IT,7,0,126,40.77673785535927,17.127666567136508,42
4,c,IT,7,1,127,37.34056134068183,14.694617420638863,92
4,c,IT,7,2,128,40.883465145370856,8.998830598353095,78
4,c,IT,7,3,129,44.72366148805765,7.847212110973047,53
4,c,IT,7,4,130,42.401634518810305,12.293066210658585,60
4,c,IT,7,5,131,39.1265068486093,8.79343900671596,45
4,c,IT,7,6,132,40.70864997912924,16.14706427416622,56
4,c,IT,7,7,133,40.29140399595508,18.0769956213341,25
4,c,IT,7,8,134,45.79267349686774,12.81242869545484,25
4,c,IT,7,9,135,46.20612242572874,11.379909696356235,37
4,c,IT,7,10,136,45.6294293542896,9.055004715642982,17
4,c,IT,7,11,137,44.9396679333957,11.299689674389182,44
4,c,IT,7,12,138,41.24956808969004,14.49497129823791,56
4,c,IT,7,13,139,40.3004588636109,9.317177129051618,21
4,c,IT,7,14,140,38.00747419225045,13.110167925463827,37
4,c,IT,7,15,141,43.87185829402185,10.702793143458479,42
4,c,IT,7,16,142,43.09177687862398,13.612039713696847,34
4,c,IT,7,17,143,38.977218762773994,16.313537450217396,36
4,coarse,IT,7,0,42,37.58956995192443,14.365811899056139,138
4,coarse,IT,7,1,43,40.513593190249914,16.352353380809863,188
4,coarse,IT,7,2,44,44.661241440216585,8.880688550391685,104
4,coarse,IT,7,3,45,40.24953259564355,8.979982191991375,144
4,coarse,IT,7,4,46,45.62909112365196,11.730953533313812,101
4,coarse,IT,7,5,47,42.63385340630269,12.848301884808436,125
4,fine,IT,7,0,140,44.47512448003633,7.770389726802367,35
4,fine,IT,7,1,141,37.00743338750875,14.678032133010683,52
4,fine,IT,7,2,142,39.1265068486093,8.79343900671596,45
4,fine,IT,7,3,143,41.8870622330318,14.244510160928595,29
4,fine,IT,7,4,144,40.76786618736328,16.537013638603312,68
4,fine,IT,7,5,145,45.80813410527374,12.6623417718394,30
4,fine,IT,7,6,146,43.2381811804781,13.562151126218605,28
4,fine,IT,7,7,147,40.759871987912035,9.066823316402969,99
4,fine,IT,7,8,148,45.38315042387263,8.27428588030359,29
4,fine,IT,7,9,149,44.38101293743685,10.251156923689452,26
4,fine,IT,7,10,150,37.81005080235949,14.654652625449208,46
4,fine,IT,7,11,151,38.64382217675101,16.380069414516793,19
4,fine,IT,7,12,152,43.5164820113637,11.22263044177759,34
4,fine,IT,7,13,153,40.4393869972061,17.81232302344491,42
4,fine,IT,7,14,154,45.00724714745949,11.4158495164904,36
4,fine,IT,7,15,155,39.568374345048525,16.143831362495973,21
4,fine,IT,7,16,156,42.307282387890695,12.389634767994611,52
4,fine,IT,7,17,157,38.006246161125176,12.971164705992956,32
4,fine,IT,7,18,158,40.93733897802745,14.783890153779927,41
4,fine,IT,7,19,159,46.21853172213297,11.117131439987286,36
4,a,NO,8,0,64,60.88105601486279,10.670989872082684,98
4,a,NO,8,1,65,69.05891563324893,17.529989940293415,148
4,a,NO,8,2,66,69.93902468222718,25.10492473764914,106
4,a,NO,8,3,67,58.504039529832426,7.045793694638196,105
4,a,NO,8,4,68,64.42097916442329,12.398601082190806,88
4,a,NO,8,5,69,62.36362874877132,6.918716574225951,105
4,a,NO,8,6,70,60.08799115703212,6.287280467952824,85
4,a,NO,8,7,71,67.0157142879269,14.482397798085561,65
4,b,NO,8,0,96,60.02733242442242,6.0509963156288675,74
4,b,NO,8,1,97,66.88511012953852,14.668851780296798,55
4,b,NO,8,2,98,70.04756931079618,25.285631845351944,99
4,b,NO,8,3,99,61.87758016791408,12.37483956995002,31
4,b,NO,8,4,100,62.23964983132287,6.561450667854056,90
4,b,NO,8,5,101,69.35553999274858,19.211319043017642,72
4,b,NO,8,6,102,59.507927467026605,9.86263287742811,57
4,b,NO,8,7,103,63.67014475276812,10.09231604898738,43
4,b,NO,8,8,104,68.7007033156805,16.257621286319687,91
4,b,NO,8,9,105,64.77069137532675,13.43038229226409,59
4,b,NO,8,10,106,58.42734896584993,6.563976220524331,86
4,b,NO,8,11,107,61.0669329591028,9.190007578649064,43
4,c,NO,8,0,144,58.8553656732377,9.281388913315013,20
4,c,NO,8,1,145,69.91006020519453,29.22135476383922,17
4,c,NO,8,2,146,62.142339433973405,6.349610365369468,76
4,c,NO,8,3,147,66.81170895189001,14.803284304991731,51
4,c,NO,8,4,148,61.87758016791408,12.37483956995002,31
4,c,NO,8,5,149,63.91125114413053,10.802860091443916,35
4,c,NO,8,6,150,70.59647575938801,24.556609052711735,44
4,c,NO,8,7,151,69.51831719120749,18.78198924581553,60
4,c,NO,8,8,152,60.04901973217729,6.050954727223695,70
4,c,NO,8,9,153,61.174173435100556,8.921490632793928,36
4,c,NO,8,10,154,58.54573296033106,6.117884305218939,67
4,c,NO,8,11,155,64.81940076362217,13.551974301432757,54
4,c,NO,8,12,156,59.98374096005985,10.175096471506098,45
4,c,NO,8,13,157,58.16921731877812,7.794525291640593,22
4,c,NO,8,14,158,62.991736037257546,8.33253955182757,27
4,c,NO,8,15,159,68.75584390806932,16.71524124913941,84
4,c,NO,8,16,160,69.26571022806384,24.057022246452465,46
4,c,NO,8,17,161,68.15921589632602,13.401837164279076,15
4,coarse,NO,8,0,48,62.23434778760083,6.886203193007171,117
4,coarse,NO,8,1,49,64.76731165605722,12.679968240529966,105
4,coarse,NO,8,2,50,68.64581201385025,16.776747152516933,191
4,coarse,NO,8,3,51,69.9287601569267,24.984014859742917,109
4,coarse,NO,8,4,52,59.05448003656716,6.686379318523922,172
4,coarse,NO,8,5,53,60.87225501154589,10.501003862665483,106
4,fine,NO,8,0,160,68.46543825996206,16.178814438252164,46
4,fine,NO,8,1,161,62.52606980900792,6.653498295888262,56
4,fine,NO,8,2,162,64.71490799434032,13.354718379248823,55
4,fine,NO,8,3,163,69.26571022806384,24.057022246452465,46
4,fine,NO,8,4,164,59.66797937006663,6.190939027151331,45
4,fine,NO,8,5,165,70.59647575938801,24.556609052711735,44
4,fine,NO,8,6,166,59.86078593901157,10.145132926756448,46
4,fine,NO,8,7,167,61.87758016791408,12.37483956995002,31
4,fine,NO,8,8,168,69.91006020519453,29.22135476383922,17
4,fine,NO,8,9,169,60.50186833067468,6.069638504311686,35
4,fine,NO,8,10,170,69.612093724153,18.94896704140083,47
4,fine,NO,8,11,171,58.483047129356024,6.159171847618856,64
4,fine,NO,8,12,172,61.75070417637608,6.443609876451033,35
4,fine,NO,8,13,173,66.27199330680436,14.464441011230306,29
4,fine,NO,8,14,174,69.26383663475258,16.002691774094867,22
4,fine,NO,8,15,175,68.93782237219756,18.039168368027855,34
4,fine,NO,8,16,176,58.44651226211518,8.426371898373391,36
4,fine,NO,8,17,177,67.43764391239199,14.613487563504131,36
4,fine,NO,8,18,178,63.67014475276812,10.09231604898738,43
4,fine,NO,8,19,179,61.213283547629786,9.294424906735314,33
4,a,PL,9,0,72,53.68211904493064,22.27976767198892,92
4,a,PL,9,1,73,51.547482991285044,22.221222371914585,103
4,a,PL,9,2,74,54.24564521182774,17.857217575463185,105
4,a,PL,9,3,75,51.373799031725795,17.097189301371746,71
4,a,PL,9,4,76,50.38253997977722,19.63836465284468,75
4,a,PL,9,5,77,50.03529946616607,22.052934070815294,75
4,a,PL,9,6,78,53.29729526070863,15.498299748609348,101
4,a,PL,9,7,79,52.62158409800377,20.33555862622354,126
4,b,PL,9,0,108,49.98559366141147,22.08743010512527,70
4,b,PL,9,1,109,54.389880034186355,17.579182278299747,89
4,b,PL,9,2,110,53.47369363651318,20.175109827481062,73
4,b,PL,9,3,111,52.84664326250898,17.72470380591572,36
4,b,PL,9,4,112,53.34703218256123,15.311579257503851,84
4,b,PL,9,5,113,52.290660988466996,21.008696610081135,79
4,b,PL,9,6,114,51.20827038827921,20.420292768998596,45
4,b,PL,9,7,115,53.69185436266468,22.691919322233957,69
4,b,PL,9,8,116,51.12854449146218,18.042482951743242,49
4,b,PL,9,9,117,51.50853276165886,22.54926809367812,80
4,b,PL,9,10,118,50.08854257044619,19.561516803806423,46
4,b,PL,9,11,119,51.36543152399849,15.766810699534856,28
4,c,PL,9,0,162,53.71214798047608,16.20806941067033,39
4,c,PL,9,1,163,51.58391812127731,21.553367498241233,49
4,c,PL,9,2,164,53.15315349168867,14.931483122400369,56
4,c,PL,9,3,165,51.0966282102954,17.999684436773705,47
4,c,PL,9,4,166,53.70416097243717,22.78548493346714,63
4,c,PL,9,5,167,53.287349156388885,19.011566685677952,39
4,c,PL,9,6,168,51.305499479579275,15.75293724085889,26
4,c,PL,9,7,169,49.809980868359695,21.851359464260334,52
4,c,PL,9,8,170,54.29147294790825,17.1717934118636,42
4,c,PL,9,9,171,50.837911271536754,20.799305704137076,29
4,c,PL,9,10,172,51.59044514298068,23.044920961945824,41
4,c,PL,9,11,173,52.50341613148489,21.35105544173796,49
4,c,PL,9,12,174,51.952980584940676,19.955011190541267,39
4,c,PL,9,13,175,54.559798646659885,18.239012884633865,41
4,c,PL,9,14,176,52.504149436435334,17.304354786868444,20
4,c,PL,9,15,177,50.085217801126475,19.53612281376815,45
4,c,PL,9,16,178,53.583058310056416,20.75769725620538,49
4,c,PL,9,17,179,50.613806973180175,22.965952958693343,22
4,coarse,PL,9,0,54,51.21254267096373,17.676146498205828,101
4,coarse,PL,9,1,55,54.0036228362007,18.154584192618604,135
4,coarse,PL,9,2,56,50.11825958250111,21.281769623140505,123
4,coarse,PL,9,3,57,53.299081839486,15.442131026109124,100
4,coarse,PL,9,4,58,51.83380462846477,21.61416244943502,175
4,coarse,PL,9,5,59,53.587859513404815,21.951972128290425,114
4,fine,PL,9,0,180,51.920005238741986,20.120664340879046,45
4,fine,PL,9,1,181,53.71425087082691,22.79591875841611,62
4,fine,PL,9,2,182,52.542402438820766,17.148050246046434,17
4,fine,PL,9,3,183,49.80052826841999,21.84364461307199,51
4,fine,PL,9,4,184,54.559798646659885,18.239012884633865,41
4,fine,PL,9,5,185,50.579348513606725,22.908180438384942,22
4,fine,PL,9,6,186,51.54067027820277,23.074391729399526,40
4,fine,PL,9,7,187,53.557025322565785,20.748393727761194,51
4,fine,PL,9,8,188,53.66620476953724,16.360508976839206,32
4,fine,PL,9,9,189,50.80945712736304,18.07829736947402,35
4,fine,PL,9,10,190,53.69559884485369,15.085224088007317,26
4,fine,PL,9,11,191,52.490947823818786,21.45331450186714,50
4,fine,PL,9,12,192,53.287349156388885,19.011566685677952,39
4,fine,PL,9,13,193,52.91718741009583,14.93173930671977,37
4,fine,PL,9,14,194,50.068894897632276,19.610739756719067,42
4,fine,PL,9,15,195,50.85372215242221,20.80555354802862,30
4,fine,PL,9,16,196,51.29170190822216,15.706383776016786,25
4,fine,PL,9,17,197,51.74628705994933,17.94987394401672,20
4,fine,PL,9,18,198,54.29147294790825,17.1717934118636,42
4,fine,PL,9,19,199,51.55553737836129,21.685038358399918,41
4,a,SE,10,0,80,58.063766113274276,13.535063955354214,63
4,a,SE,10,1,81,61.954425783806464,15.581653054692406,122
4,a,SE,10,2,82,59.76818879124069,16.54799437823842,127
4,a,SE,10,3,83,66.89727002895592,20.449311873407225,149
4,a,SE,10,4,84,64.65045864946786,19.902359913850134,120
4,a,SE,10,5,85,56.119571348288666,14.035541233051152,63
4,a,SE,10,6,86,64.58771868888942,15.896237878094558,104
4,a,SE,10,7,87,57.39427613450462,18.04603944247096,52
4,b,SE,10,0,120,56.119571348288666,14.035541233051152,63
4,b,SE,10,1,121,67.5550872395104,20.53483492527813,71
4,b,SE,10,2,122,66.06700124106302,20.462154986167057,99
4,b,SE,10,3,123,57.93539769786127,12.937165558156412,46
4,b,SE,10,4,124,64.20115129365118,20.139641475531796,80
4,b,SE,10,5,125,65.38418985429958,16.890825403466003,71
4,b,SE,10,6,126,60.60650528132728,14.380309023070666,37
4,b,SE,10,7,127,57.35260337632506,18.146591355959327,49
4,b,SE,10,8,128,59.95836740242695,17.21152781798848,74
4,b,SE,10,9,129,63.691078982854634,15.246761410027101,74
4,b,SE,10,10,130,58.78551521190394,15.941920681754478,53
4,b,SE,10,11,131,61.85922223047242,15.96106835954647,83
4,c,SE,10,0,180,66.04705739533382,22.390667427902535,28
4,c,SE,10,1,181,56.819550665054614,13.542724218865652,25
4,c,SE,10,2,182,63.92203716902906,15.252802867317946,61
4,c,SE,10,3,183,59.89400236083054,17.29857734588489,65
4,c,SE,10,4,184,64.24553119500142,20.413364031645063,67
4,c,SE,10,5,185,61.256951563458074,16.135894632787583,54
4,c,SE,10,6,186,67.77778985047846,20.74332907009941,47
4,c,SE,10,7,187,57.406281809033615,18.390522626122916,43
4,c,SE,10,8,188,62.68468629790609,17.268890580774404,40
4,c,SE,10,9,189,55.76317790669867,13.714073182268075,36
4,c,SE,10,10,190,60.34172287559682,14.028753619726565,23
4,c,SE,10,11,191,65.51594614378753,19.21412816301536,48
4,c,SE,10,12,192,56.97303942918776,15.753462989059367,24
4,c,SE,10,13,193,66.73759925687038,20.028036057202485,61
4,c,SE,10,14,194,58.1607443773351,12.76272713624136,35
4,c,SE,10,15,195,58.91977376367443,15.957747628726777,50
4,c,SE,10,16,196,62.11497837700628,14.232655008677096,34
4,c,SE,10,17,197,65.41624793592204,16.68742904235827,59
4,coarse,SE,10,0,60,56.87570342023732,13.55491778184086,107
4,coarse,SE,10,1,61,66.89589797529362,20.588169683305537,147
4,coarse,SE,10,2,62,59.798494729141446,16.35789136119861,141
4,coarse,SE,10,3,63,62.22492100646182,15.443624055228101,129
4,coarse,SE,10,4,64,64.71839377996763,18.26095375178568,211
4,coarse,SE,10,5,65,57.51630208414332,17.597492193803866,65
4,fine,SE,10,0,200,64.04766212726302,15.339255179324065,49
4,fine,SE,10,1,201,58.000175532536325,12.707955289739877,40
4,fine,SE,10,2,202,67.77778985047846,20.74332907009941,47
4,fine,SE,10,3,203,66.04705739533382,22.390667427902535,28
4,fine,SE,10,4,204,60.468225431996125,16.444473761639017,30
4,fine,SE,10,5,205,57.406281809033615,18.390522626122916,43
4,fine,SE,10,6,206,55.93326889043966,13.668719279731706,46
4,fine,SE,10,7,207,63.605262486754704,18.633322453107873,27
4,fine,SE,10,8,208,59.77929698602846,17.673487990697236,47
4,fine,SE,10,9,209,59.18866231395261,16.058322973956518,40
4,fine,SE,10,10,210,64.33917522739833,20.701717582602132,54
4,fine,SE,10,11,211,65.6318769876186,18.876142685323774,59
4,fine,SE,10,12,212,61.55635136174064,14.658295248068796,39
4,fine,SE,10,13,213,60.26761422366761,14.067384976339858,21
4,fine,SE,10,14,214,65.25254930286027,16.537198665884937,48
4,fine,SE,10,15,215,56.76749552685482,15.260328039124223,26
4,fine,SE,10,16,216,61.86893300001108,16.924990797333578,42
4,fine,SE,10,17,217,66.73759925687038,20.028036057202485,61
4,fine,SE,10,18,218,62.89225790381607,14.737660243632307,32
4,fine,SE,10,19,219,58.146513050255145,15.445512066059715,21
4,a,TR,11,0,88,39.77011765003061,35.68935654802344,132
4,a,TR,11,1,89,39.52744761281637,27.586370342928063,104
4,a,TR,11,2,90,40.31056607222145,31.412834838538927,101
4,a,TR,11,3,91,40.31915568194349,39.33957290547363,88
4,a,TR,11,4,92,37.33860410264338,29.91466086137444,86
4,a,TR,11,5,93,37.88181237308141,40.71512723771406,93
4,a,TR,11,6,94,37.01457960433775,34.241558767810794,128
4,a,TR,11,7,95,39.61497823509455,43.39045463951048,68
4,b,TR,11,0,132,38.86888489442408,35.15363026581517,92
4,b,TR,11,1,133,40.8869652871484,32.4188587746404,43
4,b,TR,11,2,134,36.92319126130684,35.978898942436984,49
4,b,TR,11,3,135,39.84554959188474,43.48718735912526,58
4,b,TR,11,4,136,40.929657830951996,35.952027710193335,55
4,b,TR,11,5,137,40.29270231075002,39.29897443856126,90
4,b,TR,11,6,138,40.92014588691507,27.420382200564998,43
4,b,TR,11,7,139,37.312970706566055,30.153299187238673,71
4,b,TR,11,8,140,36.79430404575211,33.331909169215855,71
4,b,TR,11,9,141,38.25072716165028,27.66228978652725,67
4,b,TR,11,10,142,37.96256891435096,41.06394107232727,98
4,b,TR,11,11,143,39.81943303528936,30.41810430012263,63
4,c,TR,11,0,198,39.06416577770677,33.62800918672892,44
4,c,TR,11,1,199,39.986511250661835,43.51768844565467,53
4,c,TR,11,2,200,37.18130836130229,30.608499576076163,47
4,c,TR,11,3,201,36.686771777659345,33.204377615651396,58
4,c,TR,11,4,202,40.17297281433454,37.96542038201641,44
4,c,TR,11,5,203,37.41138322551825,39.301744555316546,26
4,c,TR,11,6,204,40.557252231775315,29.796945465094524,30
4,c,TR,11,7,205,38.10570294229683,41.57541091325594,82
4,c,TR,11,8,206,40.94821071214042,35.87516223988747,52
4,c,TR,11,9,207,38.48119217338459,27.531933390266826,56
4,c,TR,11,10,208,40.981896580186216,27.254238309446848,38
4,c,TR,11,11,209,40.25719751061783,39.989845372649214,56
4,c,TR,11,12,210,36.485064731060284,36.42473262754401,19
4,c,TR,11,13,211,37.1683664403949,34.99590577154705,34
4,c,TR,11,14,212,41.12426761275352,32.204417475401186,36
4,c,TR,11,15,213,36.96517882233581,28.521713651554144,24
4,c,TR,11,16,214,38.77357240403002,35.65725759762068,53
4,c,TR,11,17,215,39.015833709706655,30.49390881523734,48
4,coarse,TR,11,0,66,37.62585018493286,34.92078081265949,178
4,coarse,TR,11,1,67,39.56147205524969,27.72187263985251,114
4,coarse,TR,11,2,68,38.92377864501181,41.63080213964904,192
4,coarse,TR,11,3,69,40.23637005422496,31.7456320210893,101
4,coarse,TR,11,4,70,40.61696297527568,37.30933781122564,116
4,coarse,TR,11,5,71,37.29032781606363,30.326063912632033,99
4,fine,TR,11,0,220,39.03950579386809,33.63840146107292,45
4,fine,TR,11,1,221,37.08197266392477,30.649608823965963,42
4,fine,TR,11,2,222,39.986511250661835,43.51768844565467,53
4,fine,TR,11,3,223,40.981896580186216,27.254238309446848,38
4,fine,TR,11,4,224,37.32872849624433,38.715498669372195,24
4,fine,TR,11,5,225,41.17829101959082,32.249295188467606,34
4,fine,TR,11,6,226,40.0726338358479,37.86529714422869,39
4,fine,TR,11,7,227,40.845625874145355,39.76552456053644,34
4,fine,TR,11,8,228,39.41040703694617,31.156949379308397,24
4,fine,TR,11,9,229,39.64594017963888,40.04337019610255,27
4,fine,TR,11,10,230,38.77357240403002,35.65725759762068,53
4,fine,TR,11,11,231,40.94821071214042,35.87516223988747,52
4,fine,TR,11,12,232,37.98088492944353,41.073578244431076,66
4,fine,TR,11,13,233,38.47452764389826,27.477926687713932,54
4,fine,TR,11,14,234,36.858195684753944,35.431809916312616,47
4,fine,TR,11,15,235,38.350610181848815,42.72164163104946,22
4,fine,TR,11,16,236,36.70199643240616,33.21673617639105,59
4,fine,TR,11,17,237,36.92365209406954,28.496281732050285,23
4,fine,TR,11,18,238,40.53204550920347,29.809457884774545,31
4,fine,TR,11,19,239,38.56917966263653,29.91460708466468,33
